{
  "entries":
[{"deltaS":9.78,"deltaOld":9.78,"tillerPos":0.05,"tiller":"0.05"},{"deltaS":4.18,"deltaOld":5.04,"tillerPos":0.02,"tiller":"-0.03"},{"deltaS":3.02,"deltaOld":3.68,"tillerPos":0.01,"tiller":"-0.01"},{"deltaS":3.09,"deltaOld":3.07,"tillerPos":0.02,"tiller":"0.02"},{"deltaS":2.14,"deltaOld":2.58,"tillerPos":0.01,"tiller":"-0.02"},{"deltaS":0.95,"deltaOld":1.52,"tillerPos":0,"tiller":"-0.01"},{"deltaS":0.28,"deltaOld":0.64,"tillerPos":-0.01,"tiller":"-0.01"},{"deltaS":-2.65,"deltaOld":-1.46,"tillerPos":-0.13,"tiller":"-0.12"},{"deltaS":-9.78,"deltaOld":-6.34,"tillerPos":-0.3,"tiller":"-0.17"},{"deltaS":-14.6,"deltaOld":-12.13,"tillerPos":-0.36,"tiller":"-0.06"},{"deltaS":-16.13,"deltaOld":-15.31,"tillerPos":-0.48,"tiller":"-0.12"},{"deltaS":-8.93,"deltaOld":-10.86,"tillerPos":-0.42,"tiller":"0.07"},{"deltaS":-6.45,"deltaOld":-7.8,"tillerPos":-0.39,"tiller":"0.02"},{"deltaS":-3.74,"deltaOld":-3.63,"tillerPos":-0.41,"tiller":"-0.02"},{"deltaS":-1.11,"deltaOld":-2.05,"tillerPos":-0.38,"tiller":"0.03"},{"deltaS":0.64,"deltaOld":-1.02,"tillerPos":-0.21,"tiller":"0.17"},{"deltaS":8.91,"deltaOld":4.86,"tillerPos":-0.01,"tiller":"0.20"},{"deltaS":13.23,"deltaOld":10.88,"tillerPos":0.05,"tiller":"0.06"},{"deltaS":13.78,"deltaOld":13.08,"tillerPos":0.12,"tiller":"0.07"},{"deltaS":16.14,"deltaOld":15.22,"tillerPos":0.21,"tiller":"0.09"},{"deltaS":22.4,"deltaOld":19.39,"tillerPos":0.36,"tiller":"0.15"},{"deltaS":26.04,"deltaOld":24.13,"tillerPos":0.41,"tiller":"0.05"},{"deltaS":27.21,"deltaOld":26.3,"tillerPos":0.55,"tiller":"0.14"},{"deltaS":13.44,"deltaOld":16.15,"tillerPos":0.45,"tiller":"-0.09"},{"deltaS":9.21,"deltaOld":11.36,"tillerPos":0.41,"tiller":"-0.04"},{"deltaS":6.6,"deltaOld":7.94,"tillerPos":0.39,"tiller":"-0.02"},{"deltaS":6.35,"deltaOld":6.18,"tillerPos":0.42,"tiller":"0.03"},{"deltaS":2.88,"deltaOld":4.23,"tillerPos":0.37,"tiller":"-0.05"},{"deltaS":-1.88,"deltaOld":1.33,"tillerPos":0.05,"tiller":"-0.32"},{"deltaS":-9.98,"deltaOld":-5.74,"tillerPos":-0.05,"tiller":"-0.11"},{"deltaS":-11.35,"deltaOld":-10.48,"tillerPos":-0.08,"tiller":"-0.02"},{"deltaS":-11.13,"deltaOld":-10.86,"tillerPos":-0.13,"tiller":"-0.06"},{"deltaS":-6,"deltaOld":-7.31,"tillerPos":-0.08,"tiller":"0.05"},{"deltaS":-3.19,"deltaOld":-4.57,"tillerPos":-0.06,"tiller":"0.02"},{"deltaS":-0.94,"deltaOld":-2.01,"tillerPos":-0.04,"tiller":"0.02"},{"deltaS":0.13,"deltaOld":-0.89,"tillerPos":0.01,"tiller":"0.05"},{"deltaS":0.96,"deltaOld":0.01,"tillerPos":0.01,"tiller":"0.00"},{"deltaS":0.37,"deltaOld":0.71,"tillerPos":0,"tiller":"-0.01"},{"deltaS":0.65,"deltaOld":0.39,"tillerPos":0.01,"tiller":"0.00"},{"deltaS":2.4,"deltaOld":1.46,"tillerPos":0.05,"tiller":"0.05"},{"deltaS":7.66,"deltaOld":5.13,"tillerPos":0.18,"tiller":"0.13"},{"deltaS":11.44,"deltaOld":9.48,"tillerPos":0.23,"tiller":"0.05"},{"deltaS":12.37,"deltaOld":11.42,"tillerPos":0.29,"tiller":"0.06"},{"deltaS":5.14,"deltaOld":6.28,"tillerPos":0.25,"tiller":"-0.04"},{"deltaS":2.4,"deltaOld":3.73,"tillerPos":0.23,"tiller":"-0.02"},{"deltaS":0.38,"deltaOld":1.43,"tillerPos":0.21,"tiller":"-0.02"},{"deltaS":-2.92,"deltaOld":-1.79,"tillerPos":0.15,"tiller":"-0.06"},{"deltaS":-7.13,"deltaOld":-5.07,"tillerPos":0.05,"tiller":"-0.10"},{"deltaS":-10.04,"deltaOld":-8.53,"tillerPos":-0.03,"tiller":"-0.08"},{"deltaS":-10.74,"deltaOld":-10.05,"tillerPos":-0.08,"tiller":"-0.05"},{"deltaS":-4.81,"deltaOld":-5.84,"tillerPos":-0.05,"tiller":"0.04"},{"deltaS":-2.76,"deltaOld":-3.77,"tillerPos":-0.03,"tiller":"0.02"},{"deltaS":-2.46,"deltaOld":-2.43,"tillerPos":-0.04,"tiller":"-0.01"},{"deltaS":-1.47,"deltaOld":-1.85,"tillerPos":-0.03,"tiller":"0.01"},{"deltaS":0.09,"deltaOld":-0.8,"tillerPos":0.02,"tiller":"0.04"},{"deltaS":0.8,"deltaOld":0.12,"tillerPos":0.02,"tiller":"0.00"}]
}
