{
  "entries":[{"deltaS":9.64,"deltaOld":9.64,"tillerPos":0,"tiller":0.05},{"deltaS":9.38,"deltaOld":9.38,"tillerPos":0.05,"tiller":0},{"deltaS":9.44,"deltaOld":9.44,"tillerPos":0.05,"tiller":0},{"deltaS":9.52,"deltaOld":9.52,"tillerPos":0.05,"tiller":0},{"deltaS":9.56,"deltaOld":9.56,"tillerPos":0.05,"tiller":0},{"deltaS":9.52,"deltaOld":9.52,"tillerPos":0.05,"tiller":0},{"deltaS":9.5,"deltaOld":9.5,"tillerPos":0.05,"tiller":0},{"deltaS":9.39,"deltaOld":9.4,"tillerPos":0.05,"tiller":0},{"deltaS":9.2,"deltaOld":9.29,"tillerPos":0.05,"tiller":0},{"deltaS":8.85,"deltaOld":9.11,"tillerPos":0.05,"tiller":0},{"deltaS":8.52,"deltaOld":8.92,"tillerPos":0.05,"tiller":0},{"deltaS":8.18,"deltaOld":8.71,"tillerPos":0.05,"tiller":0},{"deltaS":7.78,"deltaOld":8.44,"tillerPos":0.05,"tiller":0},{"deltaS":7.45,"deltaOld":8.15,"tillerPos":0.05,"tiller":0},{"deltaS":7.2,"deltaOld":7.87,"tillerPos":0.05,"tiller":0},{"deltaS":6.96,"deltaOld":7.56,"tillerPos":0.05,"tiller":0},{"deltaS":6.64,"deltaOld":7.21,"tillerPos":0.05,"tiller":0},{"deltaS":6.45,"deltaOld":6.96,"tillerPos":0.05,"tiller":0},{"deltaS":6.29,"deltaOld":6.73,"tillerPos":0.05,"tiller":0},{"deltaS":6.06,"deltaOld":6.48,"tillerPos":0.05,"tiller":0},{"deltaS":5.68,"deltaOld":6.16,"tillerPos":0.05,"tiller":0},{"deltaS":5.44,"deltaOld":5.92,"tillerPos":0.05,"tiller":0},{"deltaS":5.27,"deltaOld":5.73,"tillerPos":0.05,"tiller":0},{"deltaS":5.04,"deltaOld":5.51,"tillerPos":0.05,"tiller":0},{"deltaS":4.9,"deltaOld":5.33,"tillerPos":0.05,"tiller":0},{"deltaS":4.82,"deltaOld":5.19,"tillerPos":0.05,"tiller":0},{"deltaS":4.84,"deltaOld":5.09,"tillerPos":0.05,"tiller":0},{"deltaS":4.69,"deltaOld":4.88,"tillerPos":0.05,"tiller":0},{"deltaS":4.4,"deltaOld":4.62,"tillerPos":0.05,"tiller":0},{"deltaS":4.13,"deltaOld":4.4,"tillerPos":0.05,"tiller":0},{"deltaS":3.87,"deltaOld":4.24,"tillerPos":0.05,"tiller":0},{"deltaS":3.56,"deltaOld":4.04,"tillerPos":0.05,"tiller":0},{"deltaS":3.13,"deltaOld":3.76,"tillerPos":0.05,"tiller":0},{"deltaS":2.75,"deltaOld":3.45,"tillerPos":0.05,"tiller":-0.02},{"deltaS":2.52,"deltaOld":3.18,"tillerPos":0.02,"tiller":0},{"deltaS":2.28,"deltaOld":2.88,"tillerPos":0.02,"tiller":0},{"deltaS":2.05,"deltaOld":2.59,"tillerPos":0.02,"tiller":0},{"deltaS":1.93,"deltaOld":2.39,"tillerPos":0.02,"tiller":-0.01},{"deltaS":1.91,"deltaOld":2.26,"tillerPos":0.02,"tiller":0},{"deltaS":1.84,"deltaOld":2.09,"tillerPos":0.02,"tiller":0},{"deltaS":1.69,"deltaOld":1.89,"tillerPos":0.02,"tiller":0},{"deltaS":1.61,"deltaOld":1.75,"tillerPos":0.02,"tiller":0},{"deltaS":1.44,"deltaOld":1.61,"tillerPos":0.02,"tiller":0},{"deltaS":1.34,"deltaOld":1.55,"tillerPos":0.02,"tiller":0},{"deltaS":1.11,"deltaOld":1.39,"tillerPos":0.02,"tiller":0},{"deltaS":0.95,"deltaOld":1.27,"tillerPos":0.01,"tiller":0},{"deltaS":0.79,"deltaOld":1.12,"tillerPos":0.01,"tiller":0},{"deltaS":0.71,"deltaOld":1,"tillerPos":0.01,"tiller":0},{"deltaS":0.5,"deltaOld":0.79,"tillerPos":0.01,"tiller":-0.01},{"deltaS":0.36,"deltaOld":0.66,"tillerPos":0.01,"tiller":0},{"deltaS":0.31,"deltaOld":0.56,"tillerPos":0.01,"tiller":0},{"deltaS":0.32,"deltaOld":0.51,"tillerPos":0.01,"tiller":0},{"deltaS":0.26,"deltaOld":0.41,"tillerPos":0.01,"tiller":0},{"deltaS":0.29,"deltaOld":0.37,"tillerPos":0.01,"tiller":0},{"deltaS":0.43,"deltaOld":0.4,"tillerPos":0.01,"tiller":0},{"deltaS":0.51,"deltaOld":0.42,"tillerPos":0.01,"tiller":0},{"deltaS":0.47,"deltaOld":0.38,"tillerPos":0.01,"tiller":0},{"deltaS":0.54,"deltaOld":0.43,"tillerPos":0.01,"tiller":0},{"deltaS":0.55,"deltaOld":0.46,"tillerPos":0.01,"tiller":0},{"deltaS":0.54,"deltaOld":0.49,"tillerPos":0.01,"tiller":0},{"deltaS":0.41,"deltaOld":0.44,"tillerPos":0.01,"tiller":0},{"deltaS":0.23,"deltaOld":0.35,"tillerPos":0.01,"tiller":0},{"deltaS":0.01,"deltaOld":0.23,"tillerPos":0.01,"tiller":-0.01},{"deltaS":-0.1,"deltaOld":0.17,"tillerPos":0,"tiller":0},{"deltaS":-0.1,"deltaOld":0.13,"tillerPos":0,"tiller":0},{"deltaS":-0.17,"deltaOld":0.06,"tillerPos":0,"tiller":0}]
}
