{
  "entries": [
    {
      "deltaS": 155,
      "deltaOld": 183,
      "tiller": "green-ish",
      "tillerPos": 81,
      "uid": "EjbbUhVExBSZxtpKfcQ5qzT7jDW2"
    },
    {
      "deltaS": 71,
      "deltaOld": 22,
      "tiller": "pink-ish",
      "tillerPos": 249,
      "uid": "fpqsSD6CvNNFQmRp9sJDdI1QJm32"
    },
    {
      "deltaS": 33,
      "deltaOld": 196,
      "tiller": "orange-ish",
      "tillerPos": 254,
      "uid": "fpqsSD6CvNNFQmRp9sJDdI1QJm32"
    },
    {
      "deltaS": 237,
      "deltaOld": 147,
      "tiller": "blue-ish",
      "tillerPos": 170,
      "uid": "fpqsSD6CvNNFQmRp9sJDdI1QJm32"
    },
    {
      "deltaS": 225,
      "deltaOld": 159,
      "tiller": "blue-ish",
      "tillerPos": 15,
      "uid": "fpqsSD6CvNNFQmRp9sJDdI1QJm32"
    },
    {
      "deltaS": 166,
      "deltaOld": 235,
      "tiller": "green-ish",
      "tillerPos": 79,
      "uid": "fpqsSD6CvNNFQmRp9sJDdI1QJm32"
    },
    {
      "deltaS": 73,
      "deltaOld": 250,
      "tiller": "green-ish",
      "tillerPos": 29,
      "uid": "fpqsSD6CvNNFQmRp9sJDdI1QJm32"
    },
    {
      "deltaS": 31,
      "deltaOld": 245,
      "tiller": "green-ish",
      "tillerPos": 55,
      "uid": "fpqsSD6CvNNFQmRp9sJDdI1QJm32"
    },
    {
      "deltaS": 235,
      "deltaOld": 230,
      "tiller": "blue-ish",
      "tillerPos": 221,
      "uid": "CjIU4lEAoiPQXacjMVYSYz9bmpf1"
    },
    {
      "deltaS": 52,
      "deltaOld": 182,
      "tiller": "orange-ish",
      "tillerPos": 196,
      "uid": "fpqsSD6CvNNFQmRp9sJDdI1QJm32"
    },
    {
      "deltaS": 51,
      "deltaOld": 72,
      "tiller": "brown-ish",
      "tillerPos": 123,
      "uid": "CjIU4lEAoiPQXacjMVYSYz9bmpf1"
    },
    {
      "deltaS": 2,
      "deltaOld": 10,
      "tiller": "red-ish",
      "tillerPos": 209,
      "uid": "fpqsSD6CvNNFQmRp9sJDdI1QJm32"
    },
    {
      "deltaS": 160,
      "deltaOld": 104,
      "tiller": "pink-ish",
      "tillerPos": 177,
      "uid": "fpqsSD6CvNNFQmRp9sJDdI1QJm32"
    },
    {
      "deltaS": 18,
      "deltaOld": 207,
      "tiller": "yellow-ish",
      "tillerPos": 214,
      "uid": "CjIU4lEAoiPQXacjMVYSYz9bmpf1"
    },
    {
      "deltaS": 24,
      "deltaOld": 165,
      "tiller": "orange-ish",
      "tillerPos": 239,
      "uid": "fpqsSD6CvNNFQmRp9sJDdI1QJm32"
    },
    {
      "deltaS": 49,
      "deltaOld": 155,
      "tiller": "green-ish",
      "tillerPos": 128,
      "uid": "wHjQX3jIO9QdONvjUQDZAJd7e6p2"
    },
    {
      "deltaS": 208,
      "deltaOld": 11,
      "tiller": "purple-ish",
      "tillerPos": 137,
      "uid": "fpqsSD6CvNNFQmRp9sJDdI1QJm32"
    },
    {
      "deltaS": 125,
      "deltaOld": 74,
      "tiller": "pink-ish",
      "tillerPos": 205,
      "uid": "wHjQX3jIO9QdONvjUQDZAJd7e6p2"
    },
    {
      "deltaS": 65,
      "deltaOld": 126,
      "tiller": "brown-ish",
      "tillerPos": 179,
      "uid": "fpqsSD6CvNNFQmRp9sJDdI1QJm32"
    },
    {
      "deltaS": 162,
      "deltaOld": 83,
      "tiller": "blue-ish",
      "tillerPos": 76,
      "uid": "fpqsSD6CvNNFQmRp9sJDdI1QJm32"
    },
    {
      "deltaS": 63,
      "deltaOld": 231,
      "tiller": "green-ish",
      "tillerPos": 116,
      "uid": "wHjQX3jIO9QdONvjUQDZAJd7e6p2"
    },
    {
      "deltaS": 195,
      "deltaOld": 16,
      "tiller": "purple-ish",
      "tillerPos": 141,
      "uid": "fpqsSD6CvNNFQmRp9sJDdI1QJm32"
    },
    {
      "deltaS": 161,
      "deltaOld": 210,
      "tiller": "green-ish",
      "tillerPos": 149,
      "uid": "CjIU4lEAoiPQXacjMVYSYz9bmpf1"
    },
    {
      "deltaS": 21,
      "deltaOld": 18,
      "tiller": "purple-ish",
      "tillerPos": 48,
      "uid": "wHjQX3jIO9QdONvjUQDZAJd7e6p2"
    },
    {
      "deltaS": 59,
      "deltaOld": 49,
      "tiller": "red-ish",
      "tillerPos": 250,
      "uid": "fpqsSD6CvNNFQmRp9sJDdI1QJm32"
    },
    {
      "deltaS": 22,
      "deltaOld": 131,
      "tiller": "yellow-ish",
      "tillerPos": 58,
      "uid": "8D6XGh0wtsQXVGs73Xtg14cYGEu1"
    },
    {
      "deltaS": 76,
      "deltaOld": 113,
      "tiller": "brown-ish",
      "tillerPos": 201,
      "uid": "CjIU4lEAoiPQXacjMVYSYz9bmpf1"
    },
    {
      "deltaS": 206,
      "deltaOld": 6,
      "tiller": "blue-ish",
      "tillerPos": 60,
      "uid": "fpqsSD6CvNNFQmRp9sJDdI1QJm32"
    },
    {
      "deltaS": 187,
      "deltaOld": 117,
      "tiller": "blue-ish",
      "tillerPos": 58,
      "uid": "wHjQX3jIO9QdONvjUQDZAJd7e6p2"
    },
    {
      "deltaS": 9,
      "deltaOld": 117,
      "tiller": "green-ish",
      "tillerPos": 15,
      "uid": "CjIU4lEAoiPQXacjMVYSYz9bmpf1"
    },
    {
      "deltaS": 99,
      "deltaOld": 98,
      "tiller": "pink-ish",
      "tillerPos": 194,
      "uid": "fpqsSD6CvNNFQmRp9sJDdI1QJm32"
    },
    {
      "deltaS": 31,
      "deltaOld": 32,
      "tiller": "grey-ish",
      "tillerPos": 31,
      "uid": "wHjQX3jIO9QdONvjUQDZAJd7e6p2"
    },
    {
      "deltaS": 3,
      "deltaOld": 94,
      "tiller": "orange-ish",
      "tillerPos": 230,
      "uid": "8D6XGh0wtsQXVGs73Xtg14cYGEu1"
    },
    {
      "deltaS": 200,
      "deltaOld": 202,
      "tiller": "green-ish",
      "tillerPos": 123,
      "uid": "W3fLRSfmZVaOAzc6dmF7OKd2WHK2"
    },
    {
      "deltaS": 219,
      "deltaOld": 14,
      "tiller": "purple-ish",
      "tillerPos": 125,
      "uid": "wHjQX3jIO9QdONvjUQDZAJd7e6p2"
    },
    {
      "deltaS": 129,
      "deltaOld": 172,
      "tiller": "orange-ish",
      "tillerPos": 252,
      "uid": "fpqsSD6CvNNFQmRp9sJDdI1QJm32"
    },
    {
      "deltaS": 127,
      "deltaOld": 120,
      "tiller": "pink-ish",
      "tillerPos": 178,
      "uid": "wHjQX3jIO9QdONvjUQDZAJd7e6p2"
    },
    {
      "deltaS": 210,
      "deltaOld": 215,
      "tiller": "blue-ish",
      "tillerPos": 42,
      "uid": "8D6XGh0wtsQXVGs73Xtg14cYGEu1"
    },
    {
      "deltaS": 1,
      "deltaOld": 152,
      "tiller": "yellow-ish",
      "tillerPos": 181,
      "uid": "fpqsSD6CvNNFQmRp9sJDdI1QJm32"
    },
    {
      "deltaS": 98,
      "deltaOld": 4,
      "tiller": "pink-ish",
      "tillerPos": 194,
      "uid": "W3fLRSfmZVaOAzc6dmF7OKd2WHK2"
    },
    {
      "deltaS": 133,
      "deltaOld": 181,
      "tiller": "green-ish",
      "tillerPos": 28,
      "uid": "wHjQX3jIO9QdONvjUQDZAJd7e6p2"
    },
    {
      "deltaS": 61,
      "deltaOld": 205,
      "tiller": "green-ish",
      "tillerPos": 191,
      "uid": "fpqsSD6CvNNFQmRp9sJDdI1QJm32"
    },
    {
      "deltaS": 111,
      "deltaOld": 65,
      "tiller": "pink-ish",
      "tillerPos": 253,
      "uid": "8D6XGh0wtsQXVGs73Xtg14cYGEu1"
    },
    {
      "deltaS": 235,
      "deltaOld": 210,
      "tiller": "blue-ish",
      "tillerPos": 198,
      "uid": "fpqsSD6CvNNFQmRp9sJDdI1QJm32"
    },
    {
      "deltaS": 53,
      "deltaOld": 71,
      "tiller": "brown-ish",
      "tillerPos": 145,
      "uid": "CjIU4lEAoiPQXacjMVYSYz9bmpf1"
    },
    {
      "deltaS": 179,
      "deltaOld": 196,
      "tiller": "pink-ish",
      "tillerPos": 218,
      "uid": "wHjQX3jIO9QdONvjUQDZAJd7e6p2"
    },
    {
      "deltaS": 235,
      "deltaOld": 164,
      "tiller": "pink-ish",
      "tillerPos": 224,
      "uid": "fpqsSD6CvNNFQmRp9sJDdI1QJm32"
    },
    {
      "deltaS": 180,
      "deltaOld": 4,
      "tiller": "purple-ish",
      "tillerPos": 188,
      "uid": "wHjQX3jIO9QdONvjUQDZAJd7e6p2"
    },
    {
      "deltaS": 242,
      "deltaOld": 188,
      "tiller": "blue-ish",
      "tillerPos": 60,
      "uid": "8D6XGh0wtsQXVGs73Xtg14cYGEu1"
    },
    {
      "deltaS": 235,
      "deltaOld": 233,
      "tiller": "blue-ish",
      "tillerPos": 114,
      "uid": "fpqsSD6CvNNFQmRp9sJDdI1QJm32"
    },
    {
      "deltaS": 216,
      "deltaOld": 92,
      "tiller": "purple-ish",
      "tillerPos": 221,
      "uid": "YfWhcXcnFZcMX8m4pnJMqz7qCgZ2"
    },
    {
      "deltaS": 99,
      "deltaOld": 110,
      "tiller": "pink-ish",
      "tillerPos": 229,
      "uid": "fpqsSD6CvNNFQmRp9sJDdI1QJm32"
    },
    {
      "deltaS": 152,
      "deltaOld": 57,
      "tiller": "pink-ish",
      "tillerPos": 250,
      "uid": "wHjQX3jIO9QdONvjUQDZAJd7e6p2"
    },
    {
      "deltaS": 236,
      "deltaOld": 37,
      "tiller": "blue-ish",
      "tillerPos": 39,
      "uid": "CjIU4lEAoiPQXacjMVYSYz9bmpf1"
    },
    {
      "deltaS": 146,
      "deltaOld": 240,
      "tiller": "green-ish",
      "tillerPos": 160,
      "uid": "8D6XGh0wtsQXVGs73Xtg14cYGEu1"
    },
    {
      "deltaS": 78,
      "deltaOld": 160,
      "tiller": "green-ish",
      "tillerPos": 147,
      "uid": "YfWhcXcnFZcMX8m4pnJMqz7qCgZ2"
    },
    {
      "deltaS": 81,
      "deltaOld": 193,
      "tiller": "red-ish",
      "tillerPos": 75,
      "uid": "Sx4QoOH9gfhGXm7nt01VLcOIHm13"
    },
    {
      "deltaS": 39,
      "deltaOld": 61,
      "tiller": "brown-ish",
      "tillerPos": 117,
      "uid": "YfWhcXcnFZcMX8m4pnJMqz7qCgZ2"
    },
    {
      "deltaS": 59,
      "deltaOld": 195,
      "tiller": "red-ish",
      "tillerPos": 194,
      "uid": "Sx4QoOH9gfhGXm7nt01VLcOIHm13"
    },
    {
      "deltaS": 206,
      "deltaOld": 241,
      "tiller": "green-ish",
      "tillerPos": 107,
      "uid": "CjIU4lEAoiPQXacjMVYSYz9bmpf1"
    },
    {
      "deltaS": 249,
      "deltaOld": 141,
      "tiller": "blue-ish",
      "tillerPos": 121,
      "uid": "fpqsSD6CvNNFQmRp9sJDdI1QJm32"
    },
    {
      "deltaS": 213,
      "deltaOld": 5,
      "tiller": "green-ish",
      "tillerPos": 72,
      "uid": "Sx4QoOH9gfhGXm7nt01VLcOIHm13"
    },
    {
      "deltaS": 33,
      "deltaOld": 115,
      "tiller": "brown-ish",
      "tillerPos": 162,
      "uid": "CjIU4lEAoiPQXacjMVYSYz9bmpf1"
    },
    {
      "deltaS": 173,
      "deltaOld": 49,
      "tiller": "purple-ish",
      "tillerPos": 92,
      "uid": "8D6XGh0wtsQXVGs73Xtg14cYGEu1"
    },
    {
      "deltaS": 245,
      "deltaOld": 79,
      "tiller": "purple-ish",
      "tillerPos": 201,
      "uid": "YfWhcXcnFZcMX8m4pnJMqz7qCgZ2"
    },
    {
      "deltaS": 252,
      "deltaOld": 98,
      "tiller": "pink-ish",
      "tillerPos": 213,
      "uid": "fpqsSD6CvNNFQmRp9sJDdI1QJm32"
    },
    {
      "deltaS": 202,
      "deltaOld": 45,
      "tiller": "blue-ish",
      "tillerPos": 21,
      "uid": "Sx4QoOH9gfhGXm7nt01VLcOIHm13"
    },
    {
      "deltaS": 230,
      "deltaOld": 52,
      "tiller": "purple-ish",
      "tillerPos": 182,
      "uid": "CjIU4lEAoiPQXacjMVYSYz9bmpf1"
    },
    {
      "deltaS": 129,
      "deltaOld": 156,
      "tiller": "pink-ish",
      "tillerPos": 235,
      "uid": "YfWhcXcnFZcMX8m4pnJMqz7qCgZ2"
    },
    {
      "deltaS": 152,
      "deltaOld": 141,
      "tiller": "blue-ish",
      "tillerPos": 27,
      "uid": "Sx4QoOH9gfhGXm7nt01VLcOIHm13"
    },
    {
      "deltaS": 166,
      "deltaOld": 185,
      "tiller": "green-ish",
      "tillerPos": 50,
      "uid": "8D6XGh0wtsQXVGs73Xtg14cYGEu1"
    },
    {
      "deltaS": 41,
      "deltaOld": 243,
      "tiller": "blue-ish",
      "tillerPos": 38,
      "uid": "Sx4QoOH9gfhGXm7nt01VLcOIHm13"
    },
    {
      "deltaS": 32,
      "deltaOld": 22,
      "tiller": "red-ish",
      "tillerPos": 191,
      "uid": "YfWhcXcnFZcMX8m4pnJMqz7qCgZ2"
    },
    {
      "deltaS": 65,
      "deltaOld": 134,
      "tiller": "brown-ish",
      "tillerPos": 204,
      "uid": "CjIU4lEAoiPQXacjMVYSYz9bmpf1"
    },
    {
      "deltaS": 4,
      "deltaOld": 151,
      "tiller": "blue-ish",
      "tillerPos": 235,
      "uid": "Sx4QoOH9gfhGXm7nt01VLcOIHm13"
    },
    {
      "deltaS": 142,
      "deltaOld": 183,
      "tiller": "green-ish",
      "tillerPos": 104,
      "uid": "YfWhcXcnFZcMX8m4pnJMqz7qCgZ2"
    },
    {
      "deltaS": 248,
      "deltaOld": 181,
      "tiller": "blue-ish",
      "tillerPos": 51,
      "uid": "Sx4QoOH9gfhGXm7nt01VLcOIHm13"
    },
    {
      "deltaS": 73,
      "deltaOld": 225,
      "tiller": "blue-ish",
      "tillerPos": 114,
      "uid": "Sx4QoOH9gfhGXm7nt01VLcOIHm13"
    },
    {
      "deltaS": 67,
      "deltaOld": 56,
      "tiller": "blue-ish",
      "tillerPos": 13,
      "uid": "CjIU4lEAoiPQXacjMVYSYz9bmpf1"
    },
    {
      "deltaS": 124,
      "deltaOld": 112,
      "tiller": "yellow-ish",
      "tillerPos": 62,
      "uid": "Sx4QoOH9gfhGXm7nt01VLcOIHm13"
    },
    {
      "deltaS": 115,
      "deltaOld": 99,
      "tiller": "grey-ish",
      "tillerPos": 60,
      "uid": "YfWhcXcnFZcMX8m4pnJMqz7qCgZ2"
    },
    {
      "deltaS": 219,
      "deltaOld": 184,
      "tiller": "yellow-ish",
      "tillerPos": 208,
      "uid": "Sx4QoOH9gfhGXm7nt01VLcOIHm13"
    },
    {
      "deltaS": 206,
      "deltaOld": 250,
      "tiller": "green-ish",
      "tillerPos": 179,
      "uid": "YfWhcXcnFZcMX8m4pnJMqz7qCgZ2"
    },
    {
      "deltaS": 114,
      "deltaOld": 98,
      "tiller": "grey-ish",
      "tillerPos": 105,
      "uid": "YfWhcXcnFZcMX8m4pnJMqz7qCgZ2"
    },
    {
      "deltaS": 66,
      "deltaOld": 220,
      "tiller": "green-ish",
      "tillerPos": 101,
      "uid": "YfWhcXcnFZcMX8m4pnJMqz7qCgZ2"
    },
    {
      "deltaS": 154,
      "deltaOld": 217,
      "tiller": "yellow-ish",
      "tillerPos": 216,
      "uid": "8D6XGh0wtsQXVGs73Xtg14cYGEu1"
    },
    {
      "deltaS": 211,
      "deltaOld": 240,
      "tiller": "blue-ish",
      "tillerPos": 15,
      "uid": "YfWhcXcnFZcMX8m4pnJMqz7qCgZ2"
    },
    {
      "deltaS": 103,
      "deltaOld": 148,
      "tiller": "green-ish",
      "tillerPos": 127,
      "uid": "YfWhcXcnFZcMX8m4pnJMqz7qCgZ2"
    },
    {
      "deltaS": 50,
      "deltaOld": 213,
      "tiller": "green-ish",
      "tillerPos": 205,
      "uid": "8D6XGh0wtsQXVGs73Xtg14cYGEu1"
    },
    {
      "deltaS": 47,
      "deltaOld": 106,
      "tiller": "green-ish",
      "tillerPos": 89,
      "uid": "YfWhcXcnFZcMX8m4pnJMqz7qCgZ2"
    },
    {
      "deltaS": 58,
      "deltaOld": 17,
      "tiller": "red-ish",
      "tillerPos": 214,
      "uid": "YfWhcXcnFZcMX8m4pnJMqz7qCgZ2"
    },
    {
      "deltaS": 60,
      "deltaOld": 149,
      "tiller": "green-ish",
      "tillerPos": 75,
      "uid": "8D6XGh0wtsQXVGs73Xtg14cYGEu1"
    },
    {
      "deltaS": 214,
      "deltaOld": 179,
      "tiller": "blue-ish",
      "tillerPos": 64,
      "uid": "YfWhcXcnFZcMX8m4pnJMqz7qCgZ2"
    },
    {
      "deltaS": 241,
      "deltaOld": 179,
      "tiller": "blue-ish",
      "tillerPos": 119,
      "uid": "YfWhcXcnFZcMX8m4pnJMqz7qCgZ2"
    },
    {
      "deltaS": 173,
      "deltaOld": 36,
      "tiller": "purple-ish",
      "tillerPos": 75,
      "uid": "8D6XGh0wtsQXVGs73Xtg14cYGEu1"
    },
    {
      "deltaS": 105,
      "deltaOld": 149,
      "tiller": "green-ish",
      "tillerPos": 101,
      "uid": "YfWhcXcnFZcMX8m4pnJMqz7qCgZ2"
    },
    {
      "deltaS": 169,
      "deltaOld": 253,
      "tiller": "green-ish",
      "tillerPos": 234,
      "uid": "fzPx8suejFOvwGFYXIQBiAlSoMG3"
    },
    {
      "deltaS": 84,
      "deltaOld": 247,
      "tiller": "green-ish",
      "tillerPos": 136,
      "uid": "fzPx8suejFOvwGFYXIQBiAlSoMG3"
    },
    {
      "deltaS": 135,
      "deltaOld": 26,
      "tiller": "purple-ish",
      "tillerPos": 214,
      "uid": "YfWhcXcnFZcMX8m4pnJMqz7qCgZ2"
    },
    {
      "deltaS": 153,
      "deltaOld": 166,
      "tiller": "blue-ish",
      "tillerPos": 36,
      "uid": "8D6XGh0wtsQXVGs73Xtg14cYGEu1"
    },
    {
      "deltaS": 204,
      "deltaOld": 74,
      "tiller": "purple-ish",
      "tillerPos": 189,
      "uid": "fzPx8suejFOvwGFYXIQBiAlSoMG3"
    },
    {
      "deltaS": 241,
      "deltaOld": 160,
      "tiller": "blue-ish",
      "tillerPos": 89,
      "uid": "8D6XGh0wtsQXVGs73Xtg14cYGEu1"
    },
    {
      "deltaS": 63,
      "deltaOld": 243,
      "tiller": "green-ish",
      "tillerPos": 139,
      "uid": "YfWhcXcnFZcMX8m4pnJMqz7qCgZ2"
    },
    {
      "deltaS": 193,
      "deltaOld": 244,
      "tiller": "green-ish",
      "tillerPos": 230,
      "uid": "8D6XGh0wtsQXVGs73Xtg14cYGEu1"
    },
    {
      "deltaS": 94,
      "deltaOld": 209,
      "tiller": "yellow-ish",
      "tillerPos": 205,
      "uid": "YfWhcXcnFZcMX8m4pnJMqz7qCgZ2"
    },
    {
      "deltaS": 157,
      "deltaOld": 146,
      "tiller": "pink-ish",
      "tillerPos": 186,
      "uid": "8D6XGh0wtsQXVGs73Xtg14cYGEu1"
    },
    {
      "deltaS": 81,
      "deltaOld": 144,
      "tiller": "orange-ish",
      "tillerPos": 231,
      "uid": "YfWhcXcnFZcMX8m4pnJMqz7qCgZ2"
    },
    {
      "deltaS": 218,
      "deltaOld": 194,
      "tiller": "blue-ish",
      "tillerPos": 79,
      "uid": "8D6XGh0wtsQXVGs73Xtg14cYGEu1"
    },
    {
      "deltaS": 195,
      "deltaOld": 103,
      "tiller": "purple-ish",
      "tillerPos": 173,
      "uid": "YfWhcXcnFZcMX8m4pnJMqz7qCgZ2"
    },
    {
      "deltaS": 155,
      "deltaOld": 166,
      "tiller": "blue-ish",
      "tillerPos": 101,
      "uid": "YfWhcXcnFZcMX8m4pnJMqz7qCgZ2"
    },
    {
      "deltaS": 189,
      "deltaOld": 165,
      "tiller": "blue-ish",
      "tillerPos": 118,
      "uid": "8D6XGh0wtsQXVGs73Xtg14cYGEu1"
    },
    {
      "deltaS": 227,
      "deltaOld": 18,
      "tiller": "blue-ish",
      "tillerPos": 91,
      "uid": "YfWhcXcnFZcMX8m4pnJMqz7qCgZ2"
    },
    {
      "deltaS": 167,
      "deltaOld": 189,
      "tiller": "green-ish",
      "tillerPos": 65,
      "uid": "8D6XGh0wtsQXVGs73Xtg14cYGEu1"
    },
    {
      "deltaS": 42,
      "deltaOld": 29,
      "tiller": "red-ish",
      "tillerPos": 130,
      "uid": "YfWhcXcnFZcMX8m4pnJMqz7qCgZ2"
    },
    {
      "deltaS": 130,
      "deltaOld": 227,
      "tiller": "yellow-ish",
      "tillerPos": 216,
      "uid": "8D6XGh0wtsQXVGs73Xtg14cYGEu1"
    },
    {
      "deltaS": 101,
      "deltaOld": 160,
      "tiller": "brown-ish",
      "tillerPos": 197,
      "uid": "YfWhcXcnFZcMX8m4pnJMqz7qCgZ2"
    },
    {
      "deltaS": 84,
      "deltaOld": 17,
      "tiller": "purple-ish",
      "tillerPos": 125,
      "uid": "YfWhcXcnFZcMX8m4pnJMqz7qCgZ2"
    },
    {
      "deltaS": 242,
      "deltaOld": 136,
      "tiller": "blue-ish",
      "tillerPos": 3,
      "uid": "8D6XGh0wtsQXVGs73Xtg14cYGEu1"
    },
    {
      "deltaS": 101,
      "deltaOld": 80,
      "tiller": "blue-ish",
      "tillerPos": 66,
      "uid": "YfWhcXcnFZcMX8m4pnJMqz7qCgZ2"
    },
    {
      "deltaS": 47,
      "deltaOld": 224,
      "tiller": "green-ish",
      "tillerPos": 95,
      "uid": "YfWhcXcnFZcMX8m4pnJMqz7qCgZ2"
    },
    {
      "deltaS": 209,
      "deltaOld": 3,
      "tiller": "blue-ish",
      "tillerPos": 73,
      "uid": "8D6XGh0wtsQXVGs73Xtg14cYGEu1"
    },
    {
      "deltaS": 1,
      "deltaOld": 208,
      "tiller": "orange-ish",
      "tillerPos": 65,
      "uid": "9URQ31ya1JP2pCbRY8BO8EC2TI93"
    },
    {
      "deltaS": 70,
      "deltaOld": 39,
      "tiller": "red-ish",
      "tillerPos": 203,
      "uid": "YfWhcXcnFZcMX8m4pnJMqz7qCgZ2"
    },
    {
      "deltaS": 208,
      "deltaOld": 18,
      "tiller": "purple-ish",
      "tillerPos": 106,
      "uid": "8D6XGh0wtsQXVGs73Xtg14cYGEu1"
    },
    {
      "deltaS": 75,
      "deltaOld": 110,
      "tiller": "brown-ish",
      "tillerPos": 116,
      "uid": "YfWhcXcnFZcMX8m4pnJMqz7qCgZ2"
    },
    {
      "deltaS": 104,
      "deltaOld": 249,
      "tiller": "green-ish",
      "tillerPos": 151,
      "uid": "8D6XGh0wtsQXVGs73Xtg14cYGEu1"
    },
    {
      "deltaS": 95,
      "deltaOld": 22,
      "tiller": "pink-ish",
      "tillerPos": 232,
      "uid": "YfWhcXcnFZcMX8m4pnJMqz7qCgZ2"
    },
    {
      "deltaS": 162,
      "deltaOld": 191,
      "tiller": "grey-ish",
      "tillerPos": 199,
      "uid": "9URQ31ya1JP2pCbRY8BO8EC2TI93"
    },
    {
      "deltaS": 18,
      "deltaOld": 87,
      "tiller": "orange-ish",
      "tillerPos": 223,
      "uid": "YfWhcXcnFZcMX8m4pnJMqz7qCgZ2"
    },
    {
      "deltaS": 254,
      "deltaOld": 121,
      "tiller": "pink-ish",
      "tillerPos": 197,
      "uid": "8D6XGh0wtsQXVGs73Xtg14cYGEu1"
    },
    {
      "deltaS": 248,
      "deltaOld": 128,
      "tiller": "orange-ish",
      "tillerPos": 196,
      "uid": "9URQ31ya1JP2pCbRY8BO8EC2TI93"
    },
    {
      "deltaS": 233,
      "deltaOld": 245,
      "tiller": "blue-ish",
      "tillerPos": 26,
      "uid": "8D6XGh0wtsQXVGs73Xtg14cYGEu1"
    },
    {
      "deltaS": 199,
      "deltaOld": 69,
      "tiller": "green-ish",
      "tillerPos": 209,
      "uid": "9URQ31ya1JP2pCbRY8BO8EC2TI93"
    },
    {
      "deltaS": 162,
      "deltaOld": 238,
      "tiller": "green-ish",
      "tillerPos": 204,
      "uid": "8D6XGh0wtsQXVGs73Xtg14cYGEu1"
    },
    {
      "deltaS": 254,
      "deltaOld": 211,
      "tiller": "purple-ish",
      "tillerPos": 225,
      "uid": "YfWhcXcnFZcMX8m4pnJMqz7qCgZ2"
    },
    {
      "deltaS": 53,
      "deltaOld": 62,
      "tiller": "brown-ish",
      "tillerPos": 165,
      "uid": "8D6XGh0wtsQXVGs73Xtg14cYGEu1"
    },
    {
      "deltaS": 148,
      "deltaOld": 3,
      "tiller": "blue-ish",
      "tillerPos": 85,
      "uid": "YfWhcXcnFZcMX8m4pnJMqz7qCgZ2"
    },
    {
      "deltaS": 40,
      "deltaOld": 116,
      "tiller": "green-ish",
      "tillerPos": 108,
      "uid": "8D6XGh0wtsQXVGs73Xtg14cYGEu1"
    },
    {
      "deltaS": 252,
      "deltaOld": 15,
      "tiller": "purple-ish",
      "tillerPos": 140,
      "uid": "8D6XGh0wtsQXVGs73Xtg14cYGEu1"
    },
    {
      "deltaS": 166,
      "deltaOld": 251,
      "tiller": "green-ish",
      "tillerPos": 50,
      "uid": "8D6XGh0wtsQXVGs73Xtg14cYGEu1"
    },
    {
      "deltaS": 176,
      "deltaOld": 66,
      "tiller": "purple-ish",
      "tillerPos": 176,
      "uid": "9URQ31ya1JP2pCbRY8BO8EC2TI93"
    },
    {
      "deltaS": 41,
      "deltaOld": 92,
      "tiller": "green-ish",
      "tillerPos": 31,
      "uid": "fpqsSD6CvNNFQmRp9sJDdI1QJm32"
    },
    {
      "deltaS": 19,
      "deltaOld": 200,
      "tiller": "yellow-ish",
      "tillerPos": 239,
      "uid": "fpqsSD6CvNNFQmRp9sJDdI1QJm32"
    },
    {
      "deltaS": 228,
      "deltaOld": 166,
      "tiller": "purple-ish",
      "tillerPos": 180,
      "uid": "8D6XGh0wtsQXVGs73Xtg14cYGEu1"
    },
    {
      "deltaS": 61,
      "deltaOld": 13,
      "tiller": "pink-ish",
      "tillerPos": 112,
      "uid": "fpqsSD6CvNNFQmRp9sJDdI1QJm32"
    },
    {
      "deltaS": 98,
      "deltaOld": 111,
      "tiller": "grey-ish",
      "tillerPos": 114,
      "uid": "fpqsSD6CvNNFQmRp9sJDdI1QJm32"
    },
    {
      "deltaS": 142,
      "deltaOld": 84,
      "tiller": "purple-ish",
      "tillerPos": 132,
      "uid": "fpqsSD6CvNNFQmRp9sJDdI1QJm32"
    },
    {
      "deltaS": 141,
      "deltaOld": 199,
      "tiller": "green-ish",
      "tillerPos": 32,
      "uid": "fpqsSD6CvNNFQmRp9sJDdI1QJm32"
    },
    {
      "deltaS": 227,
      "deltaOld": 147,
      "tiller": "pink-ish",
      "tillerPos": 209,
      "uid": "fpqsSD6CvNNFQmRp9sJDdI1QJm32"
    },
    {
      "deltaS": 133,
      "deltaOld": 255,
      "tiller": "green-ish",
      "tillerPos": 157,
      "uid": "fpqsSD6CvNNFQmRp9sJDdI1QJm32"
    },
    {
      "deltaS": 160,
      "deltaOld": 189,
      "tiller": "grey-ish",
      "tillerPos": 150,
      "uid": "fpqsSD6CvNNFQmRp9sJDdI1QJm32"
    },
    {
      "deltaS": 72,
      "deltaOld": 228,
      "tiller": "green-ish",
      "tillerPos": 96,
      "uid": "fpqsSD6CvNNFQmRp9sJDdI1QJm32"
    },
    {
      "deltaS": 114,
      "deltaOld": 56,
      "tiller": "blue-ish",
      "tillerPos": 54,
      "uid": "J1E9dXf5JXhTPzavZI9hfY8s4Lb2"
    },
    {
      "deltaS": 113,
      "deltaOld": 60,
      "tiller": "pink-ish",
      "tillerPos": 202,
      "uid": "fpqsSD6CvNNFQmRp9sJDdI1QJm32"
    },
    {
      "deltaS": 40,
      "deltaOld": 48,
      "tiller": "red-ish",
      "tillerPos": 176,
      "uid": "fpqsSD6CvNNFQmRp9sJDdI1QJm32"
    },
    {
      "deltaS": 133,
      "deltaOld": 133,
      "tiller": "pink-ish",
      "tillerPos": 236,
      "uid": "J1E9dXf5JXhTPzavZI9hfY8s4Lb2"
    },
    {
      "deltaS": 250,
      "deltaOld": 82,
      "tiller": "blue-ish",
      "tillerPos": 141,
      "uid": "fpqsSD6CvNNFQmRp9sJDdI1QJm32"
    },
    {
      "deltaS": 124,
      "deltaOld": 92,
      "tiller": "purple-ish",
      "tillerPos": 101,
      "uid": "0AR0Sar1lVgvZowwX7nhldD5wP43"
    },
    {
      "deltaS": 216,
      "deltaOld": 96,
      "tiller": "purple-ish",
      "tillerPos": 205,
      "uid": "J1E9dXf5JXhTPzavZI9hfY8s4Lb2"
    },
    {
      "deltaS": 10,
      "deltaOld": 106,
      "tiller": "green-ish",
      "tillerPos": 110,
      "uid": "0AR0Sar1lVgvZowwX7nhldD5wP43"
    },
    {
      "deltaS": 56,
      "deltaOld": 77,
      "tiller": "grey-ish",
      "tillerPos": 55,
      "uid": "fpqsSD6CvNNFQmRp9sJDdI1QJm32"
    },
    {
      "deltaS": 127,
      "deltaOld": 158,
      "tiller": "brown-ish",
      "tillerPos": 198,
      "uid": "J1E9dXf5JXhTPzavZI9hfY8s4Lb2"
    },
    {
      "deltaS": 75,
      "deltaOld": 211,
      "tiller": "green-ish",
      "tillerPos": 31,
      "uid": "fpqsSD6CvNNFQmRp9sJDdI1QJm32"
    },
    {
      "deltaS": 12,
      "deltaOld": 238,
      "tiller": "yellow-ish",
      "tillerPos": 227,
      "uid": "fpqsSD6CvNNFQmRp9sJDdI1QJm32"
    },
    {
      "deltaS": 2,
      "deltaOld": 150,
      "tiller": "brown-ish",
      "tillerPos": 206,
      "uid": "J1E9dXf5JXhTPzavZI9hfY8s4Lb2"
    },
    {
      "deltaS": 39,
      "deltaOld": 74,
      "tiller": "orange-ish",
      "tillerPos": 244,
      "uid": "fpqsSD6CvNNFQmRp9sJDdI1QJm32"
    },
    {
      "deltaS": 40,
      "deltaOld": 18,
      "tiller": "red-ish",
      "tillerPos": 215,
      "uid": "LB8GBhab4Pe5Ndl3ibdWnLUTmBD3"
    },
    {
      "deltaS": 66,
      "deltaOld": 97,
      "tiller": "green-ish",
      "tillerPos": 16,
      "uid": "fpqsSD6CvNNFQmRp9sJDdI1QJm32"
    },
    {
      "deltaS": 72,
      "deltaOld": 121,
      "tiller": "orange-ish",
      "tillerPos": 250,
      "uid": "LB8GBhab4Pe5Ndl3ibdWnLUTmBD3"
    },
    {
      "deltaS": 11,
      "deltaOld": 109,
      "tiller": "green-ish",
      "tillerPos": 39,
      "uid": "fpqsSD6CvNNFQmRp9sJDdI1QJm32"
    },
    {
      "deltaS": 98,
      "deltaOld": 95,
      "tiller": "grey-ish",
      "tillerPos": 125,
      "uid": "J1E9dXf5JXhTPzavZI9hfY8s4Lb2"
    },
    {
      "deltaS": 128,
      "deltaOld": 23,
      "tiller": "purple-ish",
      "tillerPos": 83,
      "uid": "fpqsSD6CvNNFQmRp9sJDdI1QJm32"
    },
    {
      "deltaS": 76,
      "deltaOld": 223,
      "tiller": "green-ish",
      "tillerPos": 74,
      "uid": "J1E9dXf5JXhTPzavZI9hfY8s4Lb2"
    },
    {
      "deltaS": 146,
      "deltaOld": 117,
      "tiller": "blue-ish",
      "tillerPos": 71,
      "uid": "fpqsSD6CvNNFQmRp9sJDdI1QJm32"
    },
    {
      "deltaS": 198,
      "deltaOld": 233,
      "tiller": "green-ish",
      "tillerPos": 142,
      "uid": "LB8GBhab4Pe5Ndl3ibdWnLUTmBD3"
    },
    {
      "deltaS": 41,
      "deltaOld": 58,
      "tiller": "green-ish",
      "tillerPos": 33,
      "uid": "fpqsSD6CvNNFQmRp9sJDdI1QJm32"
    },
    {
      "deltaS": 213,
      "deltaOld": 140,
      "tiller": "blue-ish",
      "tillerPos": 127,
      "uid": "J1E9dXf5JXhTPzavZI9hfY8s4Lb2"
    },
    {
      "deltaS": 85,
      "deltaOld": 46,
      "tiller": "red-ish",
      "tillerPos": 179,
      "uid": "9URQ31ya1JP2pCbRY8BO8EC2TI93"
    },
    {
      "deltaS": 134,
      "deltaOld": 117,
      "tiller": "pink-ish",
      "tillerPos": 241,
      "uid": "LB8GBhab4Pe5Ndl3ibdWnLUTmBD3"
    },
    {
      "deltaS": 69,
      "deltaOld": 236,
      "tiller": "green-ish",
      "tillerPos": 128,
      "uid": "J1E9dXf5JXhTPzavZI9hfY8s4Lb2"
    },
    {
      "deltaS": 194,
      "deltaOld": 70,
      "tiller": "pink-ish",
      "tillerPos": 223,
      "uid": "fpqsSD6CvNNFQmRp9sJDdI1QJm32"
    },
    {
      "deltaS": 161,
      "deltaOld": 149,
      "tiller": "grey-ish",
      "tillerPos": 122,
      "uid": "LB8GBhab4Pe5Ndl3ibdWnLUTmBD3"
    },
    {
      "deltaS": 31,
      "deltaOld": 201,
      "tiller": "yellow-ish",
      "tillerPos": 228,
      "uid": "9URQ31ya1JP2pCbRY8BO8EC2TI93"
    },
    {
      "deltaS": 201,
      "deltaOld": 241,
      "tiller": "grey-ish",
      "tillerPos": 221,
      "uid": "fpqsSD6CvNNFQmRp9sJDdI1QJm32"
    },
    {
      "deltaS": 255,
      "deltaOld": 87,
      "tiller": "blue-ish",
      "tillerPos": 120,
      "uid": "J1E9dXf5JXhTPzavZI9hfY8s4Lb2"
    },
    {
      "deltaS": 150,
      "deltaOld": 155,
      "tiller": "pink-ish",
      "tillerPos": 190,
      "uid": "fpqsSD6CvNNFQmRp9sJDdI1QJm32"
    },
    {
      "deltaS": 117,
      "deltaOld": 209,
      "tiller": "green-ish",
      "tillerPos": 197,
      "uid": "J1E9dXf5JXhTPzavZI9hfY8s4Lb2"
    },
    {
      "deltaS": 4,
      "deltaOld": 154,
      "tiller": "green-ish",
      "tillerPos": 16,
      "uid": "fpqsSD6CvNNFQmRp9sJDdI1QJm32"
    },
    {
      "deltaS": 185,
      "deltaOld": 149,
      "tiller": "blue-ish",
      "tillerPos": 6,
      "uid": "J1E9dXf5JXhTPzavZI9hfY8s4Lb2"
    },
    {
      "deltaS": 77,
      "deltaOld": 98,
      "tiller": "green-ish",
      "tillerPos": 68,
      "uid": "fpqsSD6CvNNFQmRp9sJDdI1QJm32"
    },
    {
      "deltaS": 49,
      "deltaOld": 107,
      "tiller": "green-ish",
      "tillerPos": 2,
      "uid": "fpqsSD6CvNNFQmRp9sJDdI1QJm32"
    },
    {
      "deltaS": 166,
      "deltaOld": 137,
      "tiller": "pink-ish",
      "tillerPos": 244,
      "uid": "fpqsSD6CvNNFQmRp9sJDdI1QJm32"
    },
    {
      "deltaS": 204,
      "deltaOld": 127,
      "tiller": "pink-ish",
      "tillerPos": 211,
      "uid": "fpqsSD6CvNNFQmRp9sJDdI1QJm32"
    },
    {
      "deltaS": 233,
      "deltaOld": 21,
      "tiller": "blue-ish",
      "tillerPos": 60,
      "uid": "J1E9dXf5JXhTPzavZI9hfY8s4Lb2"
    },
    {
      "deltaS": 217,
      "deltaOld": 7,
      "tiller": "pink-ish",
      "tillerPos": 254,
      "uid": "fpqsSD6CvNNFQmRp9sJDdI1QJm32"
    },
    {
      "deltaS": 79,
      "deltaOld": 157,
      "tiller": "green-ish",
      "tillerPos": 143,
      "uid": "fpqsSD6CvNNFQmRp9sJDdI1QJm32"
    },
    {
      "deltaS": 142,
      "deltaOld": 70,
      "tiller": "purple-ish",
      "tillerPos": 152,
      "uid": "J1E9dXf5JXhTPzavZI9hfY8s4Lb2"
    },
    {
      "deltaS": 196,
      "deltaOld": 79,
      "tiller": "blue-ish",
      "tillerPos": 20,
      "uid": "0AR0Sar1lVgvZowwX7nhldD5wP43"
    },
    {
      "deltaS": 10,
      "deltaOld": 27,
      "tiller": "red-ish",
      "tillerPos": 186,
      "uid": "fpqsSD6CvNNFQmRp9sJDdI1QJm32"
    },
    {
      "deltaS": 65,
      "deltaOld": 63,
      "tiller": "brown-ish",
      "tillerPos": 127,
      "uid": "J1E9dXf5JXhTPzavZI9hfY8s4Lb2"
    },
    {
      "deltaS": 179,
      "deltaOld": 219,
      "tiller": "green-ish",
      "tillerPos": 160,
      "uid": "0AR0Sar1lVgvZowwX7nhldD5wP43"
    },
    {
      "deltaS": 97,
      "deltaOld": 0,
      "tiller": "purple-ish",
      "tillerPos": 74,
      "uid": "fpqsSD6CvNNFQmRp9sJDdI1QJm32"
    },
    {
      "deltaS": 6,
      "deltaOld": 180,
      "tiller": "green-ish",
      "tillerPos": 70,
      "uid": "J1E9dXf5JXhTPzavZI9hfY8s4Lb2"
    },
    {
      "deltaS": 213,
      "deltaOld": 162,
      "tiller": "blue-ish",
      "tillerPos": 4,
      "uid": "9URQ31ya1JP2pCbRY8BO8EC2TI93"
    },
    {
      "deltaS": 50,
      "deltaOld": 230,
      "tiller": "green-ish",
      "tillerPos": 153,
      "uid": "0AR0Sar1lVgvZowwX7nhldD5wP43"
    },
    {
      "deltaS": 125,
      "deltaOld": 254,
      "tiller": "green-ish",
      "tillerPos": 74,
      "uid": "fpqsSD6CvNNFQmRp9sJDdI1QJm32"
    },
    {
      "deltaS": 69,
      "deltaOld": 47,
      "tiller": "purple-ish",
      "tillerPos": 116,
      "uid": "0AR0Sar1lVgvZowwX7nhldD5wP43"
    },
    {
      "deltaS": 45,
      "deltaOld": 188,
      "tiller": "grey-ish",
      "tillerPos": 148,
      "uid": "WG3n03DELZOVrctzzX5DFoQNjGW2"
    },
    {
      "deltaS": 50,
      "deltaOld": 112,
      "tiller": "green-ish",
      "tillerPos": 0,
      "uid": "9URQ31ya1JP2pCbRY8BO8EC2TI93"
    },
    {
      "deltaS": 210,
      "deltaOld": 121,
      "tiller": "pink-ish",
      "tillerPos": 206,
      "uid": "fpqsSD6CvNNFQmRp9sJDdI1QJm32"
    },
    {
      "deltaS": 14,
      "deltaOld": 142,
      "tiller": "green-ish",
      "tillerPos": 91,
      "uid": "0AR0Sar1lVgvZowwX7nhldD5wP43"
    },
    {
      "deltaS": 178,
      "deltaOld": 174,
      "tiller": "grey-ish",
      "tillerPos": 170,
      "uid": "fpqsSD6CvNNFQmRp9sJDdI1QJm32"
    },
    {
      "deltaS": 28,
      "deltaOld": 197,
      "tiller": "green-ish",
      "tillerPos": 50,
      "uid": "0AR0Sar1lVgvZowwX7nhldD5wP43"
    },
    {
      "deltaS": 190,
      "deltaOld": 173,
      "tiller": "orange-ish",
      "tillerPos": 13,
      "uid": "WG3n03DELZOVrctzzX5DFoQNjGW2"
    },
    {
      "deltaS": 85,
      "deltaOld": 209,
      "tiller": "green-ish",
      "tillerPos": 178,
      "uid": "0AR0Sar1lVgvZowwX7nhldD5wP43"
    },
    {
      "deltaS": 28,
      "deltaOld": 20,
      "tiller": "green-ish",
      "tillerPos": 10,
      "uid": "WG3n03DELZOVrctzzX5DFoQNjGW2"
    },
    {
      "deltaS": 165,
      "deltaOld": 14,
      "tiller": "pink-ish",
      "tillerPos": 243,
      "uid": "fpqsSD6CvNNFQmRp9sJDdI1QJm32"
    },
    {
      "deltaS": 46,
      "deltaOld": 19,
      "tiller": "green-ish",
      "tillerPos": 28,
      "uid": "WG3n03DELZOVrctzzX5DFoQNjGW2"
    },
    {
      "deltaS": 90,
      "deltaOld": 26,
      "tiller": "red-ish",
      "tillerPos": 206,
      "uid": "0AR0Sar1lVgvZowwX7nhldD5wP43"
    },
    {
      "deltaS": 213,
      "deltaOld": 212,
      "tiller": "blue-ish",
      "tillerPos": 126,
      "uid": "fpqsSD6CvNNFQmRp9sJDdI1QJm32"
    },
    {
      "deltaS": 199,
      "deltaOld": 104,
      "tiller": "blue-ish",
      "tillerPos": 137,
      "uid": "WG3n03DELZOVrctzzX5DFoQNjGW2"
    },
    {
      "deltaS": 133,
      "deltaOld": 64,
      "tiller": "pink-ish",
      "tillerPos": 222,
      "uid": "fpqsSD6CvNNFQmRp9sJDdI1QJm32"
    },
    {
      "deltaS": 166,
      "deltaOld": 137,
      "tiller": "blue-ish",
      "tillerPos": 92,
      "uid": "0AR0Sar1lVgvZowwX7nhldD5wP43"
    },
    {
      "deltaS": 127,
      "deltaOld": 238,
      "tiller": "blue-ish",
      "tillerPos": 144,
      "uid": "WG3n03DELZOVrctzzX5DFoQNjGW2"
    },
    {
      "deltaS": 109,
      "deltaOld": 207,
      "tiller": "green-ish",
      "tillerPos": 33,
      "uid": "fpqsSD6CvNNFQmRp9sJDdI1QJm32"
    },
    {
      "deltaS": 13,
      "deltaOld": 157,
      "tiller": "green-ish",
      "tillerPos": 48,
      "uid": "0AR0Sar1lVgvZowwX7nhldD5wP43"
    },
    {
      "deltaS": 68,
      "deltaOld": 154,
      "tiller": "green-ish",
      "tillerPos": 112,
      "uid": "0AR0Sar1lVgvZowwX7nhldD5wP43"
    },
    {
      "deltaS": 122,
      "deltaOld": 192,
      "tiller": "orange-ish",
      "tillerPos": 217,
      "uid": "fpqsSD6CvNNFQmRp9sJDdI1QJm32"
    },
    {
      "deltaS": 253,
      "deltaOld": 207,
      "tiller": "yellow-ish",
      "tillerPos": 168,
      "uid": "WG3n03DELZOVrctzzX5DFoQNjGW2"
    },
    {
      "deltaS": 19,
      "deltaOld": 242,
      "tiller": "green-ish",
      "tillerPos": 87,
      "uid": "0AR0Sar1lVgvZowwX7nhldD5wP43"
    },
    {
      "deltaS": 218,
      "deltaOld": 134,
      "tiller": "red-ish",
      "tillerPos": 97,
      "uid": "WG3n03DELZOVrctzzX5DFoQNjGW2"
    },
    {
      "deltaS": 12,
      "deltaOld": 38,
      "tiller": "red-ish",
      "tillerPos": 240,
      "uid": "fpqsSD6CvNNFQmRp9sJDdI1QJm32"
    },
    {
      "deltaS": 225,
      "deltaOld": 236,
      "tiller": "blue-ish",
      "tillerPos": 13,
      "uid": "J1E9dXf5JXhTPzavZI9hfY8s4Lb2"
    },
    {
      "deltaS": 106,
      "deltaOld": 19,
      "tiller": "purple-ish",
      "tillerPos": 12,
      "uid": "WG3n03DELZOVrctzzX5DFoQNjGW2"
    },
    {
      "deltaS": 43,
      "deltaOld": 167,
      "tiller": "green-ish",
      "tillerPos": 118,
      "uid": "fpqsSD6CvNNFQmRp9sJDdI1QJm32"
    },
    {
      "deltaS": 205,
      "deltaOld": 157,
      "tiller": "blue-ish",
      "tillerPos": 101,
      "uid": "9URQ31ya1JP2pCbRY8BO8EC2TI93"
    },
    {
      "deltaS": 206,
      "deltaOld": 15,
      "tiller": "blue-ish",
      "tillerPos": 96,
      "uid": "fpqsSD6CvNNFQmRp9sJDdI1QJm32"
    },
    {
      "deltaS": 67,
      "deltaOld": 30,
      "tiller": "red-ish",
      "tillerPos": 208,
      "uid": "0AR0Sar1lVgvZowwX7nhldD5wP43"
    },
    {
      "deltaS": 2,
      "deltaOld": 223,
      "tiller": "green-ish",
      "tillerPos": 153,
      "uid": "fpqsSD6CvNNFQmRp9sJDdI1QJm32"
    },
    {
      "deltaS": 107,
      "deltaOld": 172,
      "tiller": "green-ish",
      "tillerPos": 90,
      "uid": "0AR0Sar1lVgvZowwX7nhldD5wP43"
    },
    {
      "deltaS": 127,
      "deltaOld": 10,
      "tiller": "purple-ish",
      "tillerPos": 186,
      "uid": "J1E9dXf5JXhTPzavZI9hfY8s4Lb2"
    },
    {
      "deltaS": 71,
      "deltaOld": 74,
      "tiller": "green-ish",
      "tillerPos": 7,
      "uid": "fpqsSD6CvNNFQmRp9sJDdI1QJm32"
    },
    {
      "deltaS": 40,
      "deltaOld": 225,
      "tiller": "green-ish",
      "tillerPos": 204,
      "uid": "J1E9dXf5JXhTPzavZI9hfY8s4Lb2"
    },
    {
      "deltaS": 184,
      "deltaOld": 72,
      "tiller": "blue-ish",
      "tillerPos": 70,
      "uid": "fpqsSD6CvNNFQmRp9sJDdI1QJm32"
    },
    {
      "deltaS": 120,
      "deltaOld": 144,
      "tiller": "brown-ish",
      "tillerPos": 205,
      "uid": "WG3n03DELZOVrctzzX5DFoQNjGW2"
    },
    {
      "deltaS": 235,
      "deltaOld": 62,
      "tiller": "blue-ish",
      "tillerPos": 67,
      "uid": "WG3n03DELZOVrctzzX5DFoQNjGW2"
    },
    {
      "deltaS": 175,
      "deltaOld": 19,
      "tiller": "purple-ish",
      "tillerPos": 102,
      "uid": "fpqsSD6CvNNFQmRp9sJDdI1QJm32"
    },
    {
      "deltaS": 13,
      "deltaOld": 225,
      "tiller": "yellow-ish",
      "tillerPos": 208,
      "uid": "fpqsSD6CvNNFQmRp9sJDdI1QJm32"
    },
    {
      "deltaS": 161,
      "deltaOld": 26,
      "tiller": "purple-ish",
      "tillerPos": 70,
      "uid": "WG3n03DELZOVrctzzX5DFoQNjGW2"
    },
    {
      "deltaS": 202,
      "deltaOld": 64,
      "tiller": "purple-ish",
      "tillerPos": 176,
      "uid": "fpqsSD6CvNNFQmRp9sJDdI1QJm32"
    },
    {
      "deltaS": 255,
      "deltaOld": 174,
      "tiller": "orange-ish",
      "tillerPos": 174,
      "uid": "WG3n03DELZOVrctzzX5DFoQNjGW2"
    },
    {
      "deltaS": 13,
      "deltaOld": 160,
      "tiller": "green-ish",
      "tillerPos": 103,
      "uid": "fpqsSD6CvNNFQmRp9sJDdI1QJm32"
    },
    {
      "deltaS": 41,
      "deltaOld": 192,
      "tiller": "orange-ish",
      "tillerPos": 231,
      "uid": "J1E9dXf5JXhTPzavZI9hfY8s4Lb2"
    },
    {
      "deltaS": 59,
      "deltaOld": 147,
      "tiller": "red-ish",
      "tillerPos": 45,
      "uid": "WG3n03DELZOVrctzzX5DFoQNjGW2"
    },
    {
      "deltaS": 90,
      "deltaOld": 23,
      "tiller": "purple-ish",
      "tillerPos": 89,
      "uid": "fpqsSD6CvNNFQmRp9sJDdI1QJm32"
    },
    {
      "deltaS": 98,
      "deltaOld": 0,
      "tiller": "green-ish",
      "tillerPos": 76,
      "uid": "WG3n03DELZOVrctzzX5DFoQNjGW2"
    },
    {
      "deltaS": 66,
      "deltaOld": 1,
      "tiller": "red-ish",
      "tillerPos": 223,
      "uid": "J1E9dXf5JXhTPzavZI9hfY8s4Lb2"
    },
    {
      "deltaS": 193,
      "deltaOld": 166,
      "tiller": "blue-ish",
      "tillerPos": 124,
      "uid": "fpqsSD6CvNNFQmRp9sJDdI1QJm32"
    },
    {
      "deltaS": 23,
      "deltaOld": 175,
      "tiller": "brown-ish",
      "tillerPos": 80,
      "uid": "WG3n03DELZOVrctzzX5DFoQNjGW2"
    },
    {
      "deltaS": 78,
      "deltaOld": 215,
      "tiller": "brown-ish",
      "tillerPos": 10,
      "uid": "WG3n03DELZOVrctzzX5DFoQNjGW2"
    },
    {
      "deltaS": 81,
      "deltaOld": 116,
      "tiller": "yellow-ish",
      "tillerPos": 46,
      "uid": "WG3n03DELZOVrctzzX5DFoQNjGW2"
    },
    {
      "deltaS": 155,
      "deltaOld": 64,
      "tiller": "purple-ish",
      "tillerPos": 192,
      "uid": "fpqsSD6CvNNFQmRp9sJDdI1QJm32"
    },
    {
      "deltaS": 74,
      "deltaOld": 139,
      "tiller": "brown-ish",
      "tillerPos": 183,
      "uid": "J1E9dXf5JXhTPzavZI9hfY8s4Lb2"
    },
    {
      "deltaS": 29,
      "deltaOld": 23,
      "tiller": "red-ish",
      "tillerPos": 215,
      "uid": "fpqsSD6CvNNFQmRp9sJDdI1QJm32"
    },
    {
      "deltaS": 247,
      "deltaOld": 16,
      "tiller": "purple-ish",
      "tillerPos": 138,
      "uid": "J1E9dXf5JXhTPzavZI9hfY8s4Lb2"
    },
    {
      "deltaS": 45,
      "deltaOld": 202,
      "tiller": "green-ish",
      "tillerPos": 170,
      "uid": "fpqsSD6CvNNFQmRp9sJDdI1QJm32"
    },
    {
      "deltaS": 211,
      "deltaOld": 28,
      "tiller": "blue-ish",
      "tillerPos": 34,
      "uid": "fpqsSD6CvNNFQmRp9sJDdI1QJm32"
    },
    {
      "deltaS": 136,
      "deltaOld": 170,
      "tiller": "green-ish",
      "tillerPos": 100,
      "uid": "J1E9dXf5JXhTPzavZI9hfY8s4Lb2"
    },
    {
      "deltaS": 216,
      "deltaOld": 226,
      "tiller": "blue-ish",
      "tillerPos": 59,
      "uid": "fpqsSD6CvNNFQmRp9sJDdI1QJm32"
    },
    {
      "deltaS": 207,
      "deltaOld": 240,
      "tiller": "blue-ish",
      "tillerPos": 24,
      "uid": "fpqsSD6CvNNFQmRp9sJDdI1QJm32"
    },
    {
      "deltaS": 194,
      "deltaOld": 255,
      "tiller": "green-ish",
      "tillerPos": 125,
      "uid": "J1E9dXf5JXhTPzavZI9hfY8s4Lb2"
    },
    {
      "deltaS": 155,
      "deltaOld": 226,
      "tiller": "blue-ish",
      "tillerPos": 123,
      "uid": "fpqsSD6CvNNFQmRp9sJDdI1QJm32"
    },
    {
      "deltaS": 36,
      "deltaOld": 162,
      "tiller": "orange-ish",
      "tillerPos": 237,
      "uid": "fpqsSD6CvNNFQmRp9sJDdI1QJm32"
    },
    {
      "deltaS": 154,
      "deltaOld": 195,
      "tiller": "brown-ish",
      "tillerPos": 215,
      "uid": "J1E9dXf5JXhTPzavZI9hfY8s4Lb2"
    },
    {
      "deltaS": 98,
      "deltaOld": 203,
      "tiller": "green-ish",
      "tillerPos": 127,
      "uid": "fpqsSD6CvNNFQmRp9sJDdI1QJm32"
    },
    {
      "deltaS": 15,
      "deltaOld": 61,
      "tiller": "red-ish",
      "tillerPos": 249,
      "uid": "J1E9dXf5JXhTPzavZI9hfY8s4Lb2"
    },
    {
      "deltaS": 72,
      "deltaOld": 218,
      "tiller": "yellow-ish",
      "tillerPos": 252,
      "uid": "fpqsSD6CvNNFQmRp9sJDdI1QJm32"
    },
    {
      "deltaS": 85,
      "deltaOld": 36,
      "tiller": "blue-ish",
      "tillerPos": 21,
      "uid": "J1E9dXf5JXhTPzavZI9hfY8s4Lb2"
    },
    {
      "deltaS": 170,
      "deltaOld": 213,
      "tiller": "grey-ish",
      "tillerPos": 189,
      "uid": "fpqsSD6CvNNFQmRp9sJDdI1QJm32"
    },
    {
      "deltaS": 100,
      "deltaOld": 53,
      "tiller": "pink-ish",
      "tillerPos": 181,
      "uid": "fpqsSD6CvNNFQmRp9sJDdI1QJm32"
    },
    {
      "deltaS": 125,
      "deltaOld": 131,
      "tiller": "brown-ish",
      "tillerPos": 170,
      "uid": "J1E9dXf5JXhTPzavZI9hfY8s4Lb2"
    },
    {
      "deltaS": 217,
      "deltaOld": 239,
      "tiller": "blue-ish",
      "tillerPos": 183,
      "uid": "fpqsSD6CvNNFQmRp9sJDdI1QJm32"
    },
    {
      "deltaS": 125,
      "deltaOld": 99,
      "tiller": "pink-ish",
      "tillerPos": 175,
      "uid": "fpqsSD6CvNNFQmRp9sJDdI1QJm32"
    },
    {
      "deltaS": 243,
      "deltaOld": 193,
      "tiller": "blue-ish",
      "tillerPos": 166,
      "uid": "fpqsSD6CvNNFQmRp9sJDdI1QJm32"
    },
    {
      "deltaS": 195,
      "deltaOld": 132,
      "tiller": "pink-ish",
      "tillerPos": 203,
      "uid": "J1E9dXf5JXhTPzavZI9hfY8s4Lb2"
    },
    {
      "deltaS": 204,
      "deltaOld": 218,
      "tiller": "blue-ish",
      "tillerPos": 114,
      "uid": "fpqsSD6CvNNFQmRp9sJDdI1QJm32"
    },
    {
      "deltaS": 179,
      "deltaOld": 67,
      "tiller": "pink-ish",
      "tillerPos": 232,
      "uid": "fpqsSD6CvNNFQmRp9sJDdI1QJm32"
    },
    {
      "deltaS": 1,
      "deltaOld": 147,
      "tiller": "orange-ish",
      "tillerPos": 188,
      "uid": "fpqsSD6CvNNFQmRp9sJDdI1QJm32"
    },
    {
      "deltaS": 189,
      "deltaOld": 126,
      "tiller": "purple-ish",
      "tillerPos": 159,
      "uid": "J1E9dXf5JXhTPzavZI9hfY8s4Lb2"
    },
    {
      "deltaS": 163,
      "deltaOld": 37,
      "tiller": "pink-ish",
      "tillerPos": 225,
      "uid": "fpqsSD6CvNNFQmRp9sJDdI1QJm32"
    },
    {
      "deltaS": 137,
      "deltaOld": 66,
      "tiller": "purple-ish",
      "tillerPos": 152,
      "uid": "J1E9dXf5JXhTPzavZI9hfY8s4Lb2"
    },
    {
      "deltaS": 221,
      "deltaOld": 47,
      "tiller": "blue-ish",
      "tillerPos": 129,
      "uid": "fpqsSD6CvNNFQmRp9sJDdI1QJm32"
    },
    {
      "deltaS": 88,
      "deltaOld": 133,
      "tiller": "orange-ish",
      "tillerPos": 222,
      "uid": "fpqsSD6CvNNFQmRp9sJDdI1QJm32"
    },
    {
      "deltaS": 243,
      "deltaOld": 16,
      "tiller": "purple-ish",
      "tillerPos": 155,
      "uid": "J1E9dXf5JXhTPzavZI9hfY8s4Lb2"
    },
    {
      "deltaS": 72,
      "deltaOld": 225,
      "tiller": "green-ish",
      "tillerPos": 142,
      "uid": "fpqsSD6CvNNFQmRp9sJDdI1QJm32"
    },
    {
      "deltaS": 192,
      "deltaOld": 45,
      "tiller": "blue-ish",
      "tillerPos": 50,
      "uid": "J1E9dXf5JXhTPzavZI9hfY8s4Lb2"
    },
    {
      "deltaS": 98,
      "deltaOld": 157,
      "tiller": "orange-ish",
      "tillerPos": 223,
      "uid": "fpqsSD6CvNNFQmRp9sJDdI1QJm32"
    },
    {
      "deltaS": 106,
      "deltaOld": 42,
      "tiller": "purple-ish",
      "tillerPos": 109,
      "uid": "fpqsSD6CvNNFQmRp9sJDdI1QJm32"
    },
    {
      "deltaS": 210,
      "deltaOld": 76,
      "tiller": "blue-ish",
      "tillerPos": 129,
      "uid": "fpqsSD6CvNNFQmRp9sJDdI1QJm32"
    },
    {
      "deltaS": 173,
      "deltaOld": 115,
      "tiller": "blue-ish",
      "tillerPos": 69,
      "uid": "fpqsSD6CvNNFQmRp9sJDdI1QJm32"
    },
    {
      "deltaS": 156,
      "deltaOld": 239,
      "tiller": "red-ish",
      "tillerPos": 176,
      "uid": "gWrBr8lBzKM24vA5g1zbCv72kY22"
    },
    {
      "deltaS": 44,
      "deltaOld": 110,
      "tiller": "brown-ish",
      "tillerPos": 145,
      "uid": "fpqsSD6CvNNFQmRp9sJDdI1QJm32"
    },
    {
      "deltaS": 250,
      "deltaOld": 247,
      "tiller": "blue-ish",
      "tillerPos": 142,
      "uid": "gWrBr8lBzKM24vA5g1zbCv72kY22"
    },
    {
      "deltaS": 42,
      "deltaOld": 12,
      "tiller": "red-ish",
      "tillerPos": 177,
      "uid": "fpqsSD6CvNNFQmRp9sJDdI1QJm32"
    },
    {
      "deltaS": 168,
      "deltaOld": 88,
      "tiller": "purple-ish",
      "tillerPos": 204,
      "uid": "gWrBr8lBzKM24vA5g1zbCv72kY22"
    },
    {
      "deltaS": 242,
      "deltaOld": 242,
      "tiller": "grey-ish",
      "tillerPos": 240,
      "uid": "fpqsSD6CvNNFQmRp9sJDdI1QJm32"
    },
    {
      "deltaS": 128,
      "deltaOld": 142,
      "tiller": "purple-ish",
      "tillerPos": 62,
      "uid": "gWrBr8lBzKM24vA5g1zbCv72kY22"
    },
    {
      "deltaS": 155,
      "deltaOld": 244,
      "tiller": "green-ish",
      "tillerPos": 33,
      "uid": "fpqsSD6CvNNFQmRp9sJDdI1QJm32"
    },
    {
      "deltaS": 213,
      "deltaOld": 132,
      "tiller": "purple-ish",
      "tillerPos": 63,
      "uid": "gWrBr8lBzKM24vA5g1zbCv72kY22"
    },
    {
      "deltaS": 197,
      "deltaOld": 21,
      "tiller": "purple-ish",
      "tillerPos": 210,
      "uid": "gWrBr8lBzKM24vA5g1zbCv72kY22"
    },
    {
      "deltaS": 124,
      "deltaOld": 205,
      "tiller": "green-ish",
      "tillerPos": 76,
      "uid": "fpqsSD6CvNNFQmRp9sJDdI1QJm32"
    },
    {
      "deltaS": 17,
      "deltaOld": 6,
      "tiller": "purple-ish",
      "tillerPos": 96,
      "uid": "gWrBr8lBzKM24vA5g1zbCv72kY22"
    },
    {
      "deltaS": 6,
      "deltaOld": 165,
      "tiller": "green-ish",
      "tillerPos": 72,
      "uid": "fpqsSD6CvNNFQmRp9sJDdI1QJm32"
    },
    {
      "deltaS": 214,
      "deltaOld": 237,
      "tiller": "purple-ish",
      "tillerPos": 145,
      "uid": "gWrBr8lBzKM24vA5g1zbCv72kY22"
    },
    {
      "deltaS": 93,
      "deltaOld": 1,
      "tiller": "blue-ish",
      "tillerPos": 17,
      "uid": "fpqsSD6CvNNFQmRp9sJDdI1QJm32"
    },
    {
      "deltaS": 234,
      "deltaOld": 16,
      "tiller": "blue-ish",
      "tillerPos": 44,
      "uid": "fpqsSD6CvNNFQmRp9sJDdI1QJm32"
    },
    {
      "deltaS": 88,
      "deltaOld": 37,
      "tiller": "pink-ish",
      "tillerPos": 242,
      "uid": "gWrBr8lBzKM24vA5g1zbCv72kY22"
    },
    {
      "deltaS": 91,
      "deltaOld": 177,
      "tiller": "green-ish",
      "tillerPos": 14,
      "uid": "fpqsSD6CvNNFQmRp9sJDdI1QJm32"
    },
    {
      "deltaS": 211,
      "deltaOld": 104,
      "tiller": "blue-ish",
      "tillerPos": 134,
      "uid": "fpqsSD6CvNNFQmRp9sJDdI1QJm32"
    },
    {
      "deltaS": 9,
      "deltaOld": 27,
      "tiller": "grey-ish",
      "tillerPos": 19,
      "uid": "gWrBr8lBzKM24vA5g1zbCv72kY22"
    },
    {
      "deltaS": 59,
      "deltaOld": 32,
      "tiller": "pink-ish",
      "tillerPos": 215,
      "uid": "fpqsSD6CvNNFQmRp9sJDdI1QJm32"
    },
    {
      "deltaS": 14,
      "deltaOld": 116,
      "tiller": "green-ish",
      "tillerPos": 21,
      "uid": "fpqsSD6CvNNFQmRp9sJDdI1QJm32"
    },
    {
      "deltaS": 97,
      "deltaOld": 255,
      "tiller": "green-ish",
      "tillerPos": 194,
      "uid": "fpqsSD6CvNNFQmRp9sJDdI1QJm32"
    },
    {
      "deltaS": 250,
      "deltaOld": 78,
      "tiller": "purple-ish",
      "tillerPos": 190,
      "uid": "t2cJPFfnaWXcn21XXFDlGos4RyG3"
    },
    {
      "deltaS": 84,
      "deltaOld": 33,
      "tiller": "blue-ish",
      "tillerPos": 5,
      "uid": "gWrBr8lBzKM24vA5g1zbCv72kY22"
    },
    {
      "deltaS": 192,
      "deltaOld": 90,
      "tiller": "pink-ish",
      "tillerPos": 209,
      "uid": "fpqsSD6CvNNFQmRp9sJDdI1QJm32"
    },
    {
      "deltaS": 109,
      "deltaOld": 5,
      "tiller": "purple-ish",
      "tillerPos": 178,
      "uid": "t2cJPFfnaWXcn21XXFDlGos4RyG3"
    },
    {
      "deltaS": 31,
      "deltaOld": 187,
      "tiller": "green-ish",
      "tillerPos": 9,
      "uid": "J1E9dXf5JXhTPzavZI9hfY8s4Lb2"
    },
    {
      "deltaS": 72,
      "deltaOld": 254,
      "tiller": "green-ish",
      "tillerPos": 149,
      "uid": "fpqsSD6CvNNFQmRp9sJDdI1QJm32"
    },
    {
      "deltaS": 101,
      "deltaOld": 196,
      "tiller": "green-ish",
      "tillerPos": 163,
      "uid": "gWrBr8lBzKM24vA5g1zbCv72kY22"
    },
    {
      "deltaS": 109,
      "deltaOld": 36,
      "tiller": "pink-ish",
      "tillerPos": 255,
      "uid": "fpqsSD6CvNNFQmRp9sJDdI1QJm32"
    },
    {
      "deltaS": 241,
      "deltaOld": 57,
      "tiller": "purple-ish",
      "tillerPos": 187,
      "uid": "gWrBr8lBzKM24vA5g1zbCv72kY22"
    },
    {
      "deltaS": 55,
      "deltaOld": 61,
      "tiller": "brown-ish",
      "tillerPos": 133,
      "uid": "J1E9dXf5JXhTPzavZI9hfY8s4Lb2"
    },
    {
      "deltaS": 210,
      "deltaOld": 206,
      "tiller": "green-ish",
      "tillerPos": 8,
      "uid": "t2cJPFfnaWXcn21XXFDlGos4RyG3"
    },
    {
      "deltaS": 224,
      "deltaOld": 247,
      "tiller": "blue-ish",
      "tillerPos": 163,
      "uid": "fpqsSD6CvNNFQmRp9sJDdI1QJm32"
    },
    {
      "deltaS": 111,
      "deltaOld": 65,
      "tiller": "pink-ish",
      "tillerPos": 206,
      "uid": "gWrBr8lBzKM24vA5g1zbCv72kY22"
    },
    {
      "deltaS": 213,
      "deltaOld": 3,
      "tiller": "blue-ish",
      "tillerPos": 114,
      "uid": "t2cJPFfnaWXcn21XXFDlGos4RyG3"
    },
    {
      "deltaS": 14,
      "deltaOld": 119,
      "tiller": "green-ish",
      "tillerPos": 123,
      "uid": "fpqsSD6CvNNFQmRp9sJDdI1QJm32"
    },
    {
      "deltaS": 49,
      "deltaOld": 197,
      "tiller": "red-ish",
      "tillerPos": 180,
      "uid": "AkoHZAffefO3Nj50avrtYp3kWWe2"
    },
    {
      "deltaS": 195,
      "deltaOld": 43,
      "tiller": "pink-ish",
      "tillerPos": 248,
      "uid": "gWrBr8lBzKM24vA5g1zbCv72kY22"
    },
    {
      "deltaS": 105,
      "deltaOld": 84,
      "tiller": "red-ish",
      "tillerPos": 218,
      "uid": "J1E9dXf5JXhTPzavZI9hfY8s4Lb2"
    },
    {
      "deltaS": 205,
      "deltaOld": 12,
      "tiller": "red-ish",
      "tillerPos": 155,
      "uid": "AkoHZAffefO3Nj50avrtYp3kWWe2"
    },
    {
      "deltaS": 227,
      "deltaOld": 181,
      "tiller": "pink-ish",
      "tillerPos": 219,
      "uid": "t2cJPFfnaWXcn21XXFDlGos4RyG3"
    },
    {
      "deltaS": 200,
      "deltaOld": 182,
      "tiller": "blue-ish",
      "tillerPos": 101,
      "uid": "gWrBr8lBzKM24vA5g1zbCv72kY22"
    },
    {
      "deltaS": 214,
      "deltaOld": 228,
      "tiller": "yellow-ish",
      "tillerPos": 54,
      "uid": "AkoHZAffefO3Nj50avrtYp3kWWe2"
    },
    {
      "deltaS": 175,
      "deltaOld": 81,
      "tiller": "pink-ish",
      "tillerPos": 246,
      "uid": "J1E9dXf5JXhTPzavZI9hfY8s4Lb2"
    },
    {
      "deltaS": 52,
      "deltaOld": 37,
      "tiller": "red-ish",
      "tillerPos": 213,
      "uid": "gWrBr8lBzKM24vA5g1zbCv72kY22"
    },
    {
      "deltaS": 14,
      "deltaOld": 216,
      "tiller": "green-ish",
      "tillerPos": 190,
      "uid": "t2cJPFfnaWXcn21XXFDlGos4RyG3"
    }
  ]
}
